Funcionario_ID,Benefício,Valor Mensal
2464,Vale Alimentação,1405
113,Plano de Saúde,443
316,Plano de Saúde,231
2843,Vale Transporte,1179
2051,Auxílio Creche,674
2774,Auxílio Creche,1264
467,Plano de Saúde,542
597,Vale Alimentação,502
225,Plano Odontológico,533
1145,Vale Alimentação,741
2923,Plano Odontológico,548
2852,Auxílio Creche,458
1714,Plano Odontológico,1473
2296,Vale Transporte,349
1386,Vale Alimentação,881
2782,Plano Odontológico,1381
897,Plano de Saúde,624
513,Plano Odontológico,448
2948,Auxílio Creche,674
1504,Plano de Saúde,1205
1290,Plano de Saúde,1411
2839,Auxílio Creche,456
1054,Vale Transporte,592
1615,Plano de Saúde,1302
195,Auxílio Creche,1268
75,Plano de Saúde,778
1885,Vale Transporte,537
310,Plano de Saúde,1429
449,Vale Transporte,493
673,Vale Transporte,926
1735,Plano Odontológico,1390
1319,Vale Alimentação,735
2859,Plano Odontológico,451
2300,Plano Odontológico,1115
531,Vale Alimentação,975
1701,Vale Transporte,910
965,Vale Transporte,841
167,Plano Odontológico,1292
430,Plano de Saúde,1321
456,Auxílio Creche,685
1285,Plano de Saúde,1050
1931,Auxílio Creche,742
1812,Auxílio Creche,687
216,Vale Alimentação,963
693,Auxílio Creche,1163
2313,Vale Transporte,410
2073,Plano Odontológico,492
1154,Plano Odontológico,1105
642,Vale Alimentação,275
2199,Vale Alimentação,1124
359,Vale Alimentação,248
48,Plano Odontológico,1456
214,Vale Transporte,1406
551,Plano Odontológico,1250
153,Auxílio Creche,975
2734,Plano Odontológico,632
2850,Vale Transporte,1085
1734,Plano de Saúde,588
271,Vale Alimentação,840
1570,Plano de Saúde,638
1255,Plano de Saúde,385
2198,Vale Transporte,570
2375,Vale Alimentação,539
1831,Vale Alimentação,951
2768,Auxílio Creche,752
2637,Auxílio Creche,1301
1810,Plano de Saúde,339
1651,Plano Odontológico,1446
286,Plano de Saúde,1485
2387,Plano Odontológico,1307
2104,Vale Transporte,1301
1455,Auxílio Creche,1225
2345,Auxílio Creche,699
15,Auxílio Creche,1448
2021,Plano de Saúde,1257
836,Plano Odontológico,1290
1949,Plano Odontológico,958
2041,Plano Odontológico,232
1314,Auxílio Creche,1184
959,Plano de Saúde,1037
949,Plano de Saúde,1156
2009,Vale Transporte,682
2914,Vale Transporte,615
186,Plano Odontológico,365
2828,Vale Alimentação,410
2906,Plano Odontológico,1351
382,Vale Transporte,579
2345,Auxílio Creche,740
141,Auxílio Creche,750
582,Vale Alimentação,290
750,Auxílio Creche,499
457,Plano de Saúde,1050
1544,Auxílio Creche,1387
2338,Plano de Saúde,274
2562,Auxílio Creche,317
1928,Vale Alimentação,568
1943,Vale Transporte,995
2341,Auxílio Creche,341
2553,Vale Alimentação,402
2981,Auxílio Creche,1250
2946,Vale Transporte,319
1080,Auxílio Creche,643
38,Auxílio Creche,247
1660,Auxílio Creche,468
105,Plano Odontológico,487
2324,Plano de Saúde,999
571,Plano Odontológico,228
755,Plano de Saúde,1359
883,Plano Odontológico,642
2496,Auxílio Creche,447
1157,Plano Odontológico,1021
2292,Plano Odontológico,611
1646,Plano de Saúde,671
1326,Vale Transporte,1493
889,Vale Alimentação,528
2253,Plano Odontológico,973
2966,Plano Odontológico,708
2088,Plano Odontológico,286
1970,Plano de Saúde,374
415,Plano Odontológico,636
80,Auxílio Creche,510
228,Vale Transporte,438
1289,Plano Odontológico,1253
2430,Plano Odontológico,985
19,Vale Alimentação,316
1619,Auxílio Creche,1072
1347,Plano de Saúde,359
1053,Plano Odontológico,743
480,Plano de Saúde,1025
1396,Vale Alimentação,795
2506,Vale Transporte,1211
373,Plano de Saúde,303
1619,Vale Transporte,249
655,Vale Transporte,1269
1745,Plano Odontológico,217
2557,Vale Alimentação,1034
2004,Auxílio Creche,1372
2304,Vale Alimentação,507
2695,Plano Odontológico,1270
2396,Plano de Saúde,505
917,Auxílio Creche,1136
2951,Plano Odontológico,1307
898,Auxílio Creche,787
1218,Vale Transporte,662
1858,Auxílio Creche,533
1792,Plano Odontológico,1254
773,Vale Transporte,580
1013,Auxílio Creche,869
2466,Auxílio Creche,477
1644,Auxílio Creche,840
1312,Vale Alimentação,1279
2186,Auxílio Creche,1372
1852,Vale Transporte,1043
66,Plano de Saúde,389
1873,Plano Odontológico,494
1351,Plano Odontológico,665
1890,Vale Transporte,811
160,Vale Transporte,581
1751,Vale Alimentação,323
2764,Plano Odontológico,902
1234,Auxílio Creche,1300
2083,Vale Alimentação,1225
1151,Vale Alimentação,1047
2557,Plano de Saúde,580
1149,Auxílio Creche,942
676,Plano Odontológico,209
1641,Plano Odontológico,979
2795,Vale Transporte,656
213,Plano de Saúde,1252
2912,Plano Odontológico,923
211,Auxílio Creche,956
1832,Plano de Saúde,1030
2588,Auxílio Creche,582
619,Vale Alimentação,1466
2279,Plano de Saúde,1247
622,Vale Transporte,551
2914,Plano de Saúde,252
383,Plano Odontológico,863
2036,Auxílio Creche,442
329,Plano Odontológico,864
1603,Plano de Saúde,255
747,Auxílio Creche,1491
1659,Vale Alimentação,1485
2719,Auxílio Creche,733
1879,Plano Odontológico,296
463,Vale Transporte,949
299,Plano de Saúde,234
1591,Plano Odontológico,455
1568,Plano de Saúde,816
505,Vale Transporte,1126
2332,Plano de Saúde,752
646,Vale Alimentação,1475
1248,Auxílio Creche,862
246,Vale Alimentação,850
1833,Vale Alimentação,825
789,Plano de Saúde,1423
522,Vale Alimentação,1202
6,Plano Odontológico,218
830,Vale Transporte,347
1884,Plano de Saúde,520
2382,Plano de Saúde,1180
675,Vale Transporte,1054
2218,Vale Transporte,601
542,Vale Transporte,1070
20,Plano de Saúde,655
1081,Plano Odontológico,808
880,Plano Odontológico,1126
1251,Vale Transporte,791
2404,Vale Alimentação,446
890,Vale Transporte,370
1842,Plano de Saúde,711
1411,Auxílio Creche,1481
198,Plano Odontológico,276
153,Vale Alimentação,1352
2969,Plano de Saúde,736
560,Auxílio Creche,285
442,Plano de Saúde,860
1272,Vale Transporte,423
2782,Vale Transporte,829
2158,Vale Transporte,515
1608,Plano Odontológico,431
1485,Vale Transporte,994
676,Vale Alimentação,279
1273,Vale Transporte,917
1762,Vale Alimentação,427
2890,Plano de Saúde,867
2915,Plano Odontológico,323
2242,Plano de Saúde,338
2982,Auxílio Creche,1326
1572,Vale Transporte,783
1441,Auxílio Creche,686
1919,Plano Odontológico,969
1675,Auxílio Creche,1138
2865,Auxílio Creche,1466
1891,Vale Alimentação,1467
1833,Plano Odontológico,483
2846,Vale Alimentação,431
2938,Plano de Saúde,543
2952,Plano de Saúde,1103
2541,Vale Alimentação,835
681,Vale Transporte,513
542,Vale Transporte,1253
345,Vale Transporte,1289
1984,Vale Transporte,863
14,Plano de Saúde,785
923,Vale Transporte,1259
811,Auxílio Creche,1063
336,Plano Odontológico,1366
2275,Vale Alimentação,477
1475,Plano Odontológico,330
2179,Plano de Saúde,1308
2302,Vale Transporte,780
546,Plano de Saúde,800
1002,Plano Odontológico,1335
2200,Plano Odontológico,283
524,Plano de Saúde,852
1924,Plano de Saúde,295
2164,Plano Odontológico,1429
1973,Plano de Saúde,1111
2066,Plano de Saúde,551
2771,Plano de Saúde,455
2150,Plano de Saúde,1320
1159,Plano Odontológico,1246
1660,Plano Odontológico,987
635,Plano Odontológico,311
1671,Plano de Saúde,454
214,Auxílio Creche,490
1752,Vale Alimentação,385
350,Vale Alimentação,1104
1308,Plano de Saúde,849
229,Vale Transporte,1379
2369,Vale Alimentação,1280
1946,Vale Alimentação,407
2537,Plano de Saúde,1100
449,Plano Odontológico,1196
1682,Plano de Saúde,1339
244,Vale Alimentação,244
2988,Vale Transporte,508
1109,Auxílio Creche,760
2710,Auxílio Creche,529
1994,Auxílio Creche,992
281,Plano de Saúde,1251
2561,Vale Transporte,517
2762,Vale Transporte,1188
372,Plano de Saúde,904
263,Plano Odontológico,429
2252,Vale Alimentação,707
1413,Plano Odontológico,1208
1843,Vale Alimentação,366
312,Vale Transporte,968
1074,Auxílio Creche,830
220,Plano Odontológico,684
2728,Auxílio Creche,853
2073,Vale Alimentação,1238
2393,Vale Transporte,889
891,Plano Odontológico,381
1342,Auxílio Creche,684
2459,Vale Transporte,954
208,Auxílio Creche,569
1139,Vale Alimentação,596
2057,Auxílio Creche,1363
1034,Auxílio Creche,389
1533,Plano Odontológico,548
205,Vale Transporte,866
1160,Vale Alimentação,1316
1148,Plano de Saúde,958
1413,Plano de Saúde,209
4,Auxílio Creche,887
2328,Vale Alimentação,860
2391,Vale Transporte,1064
1152,Vale Alimentação,1037
2299,Vale Alimentação,700
2253,Vale Transporte,334
1069,Plano de Saúde,1230
752,Plano de Saúde,891
2903,Vale Alimentação,894
2987,Vale Transporte,323
2699,Vale Alimentação,569
2631,Plano de Saúde,291
2129,Vale Alimentação,246
2533,Auxílio Creche,818
973,Auxílio Creche,1498
728,Vale Alimentação,642
982,Vale Transporte,516
2957,Auxílio Creche,722
2207,Vale Transporte,1034
638,Vale Alimentação,499
2592,Plano Odontológico,540
2926,Auxílio Creche,770
27,Vale Alimentação,1303
2392,Plano Odontológico,717
1207,Plano Odontológico,1374
1571,Vale Transporte,808
2586,Auxílio Creche,1122
857,Plano Odontológico,556
1232,Vale Transporte,434
845,Plano de Saúde,460
1930,Auxílio Creche,820
2129,Vale Transporte,1160
1454,Plano de Saúde,580
1112,Plano de Saúde,1129
848,Vale Alimentação,965
2711,Plano de Saúde,689
676,Auxílio Creche,309
2951,Plano Odontológico,218
1204,Plano de Saúde,390
12,Vale Transporte,984
135,Plano Odontológico,777
37,Vale Alimentação,1105
257,Vale Transporte,1339
1327,Vale Transporte,785
1577,Vale Transporte,999
2901,Plano Odontológico,208
1644,Vale Transporte,267
618,Auxílio Creche,493
948,Auxílio Creche,419
597,Plano Odontológico,654
1703,Auxílio Creche,1113
1879,Plano de Saúde,950
2517,Vale Alimentação,1071
1061,Vale Alimentação,839
1029,Auxílio Creche,859
144,Plano de Saúde,1380
2517,Plano Odontológico,1443
239,Vale Transporte,240
483,Auxílio Creche,803
2067,Auxílio Creche,635
1185,Vale Transporte,827
132,Plano Odontológico,665
2322,Vale Transporte,666
1016,Plano Odontológico,1132
970,Vale Alimentação,961
1402,Vale Transporte,572
1660,Plano Odontológico,1313
833,Vale Alimentação,1368
1514,Plano de Saúde,247
2043,Plano de Saúde,992
408,Vale Alimentação,276
804,Vale Transporte,472
1872,Vale Transporte,733
1161,Vale Alimentação,758
969,Vale Alimentação,547
699,Plano de Saúde,1230
645,Vale Alimentação,1207
766,Auxílio Creche,1460
1857,Plano Odontológico,829
1859,Vale Alimentação,644
2632,Plano Odontológico,429
891,Vale Transporte,1230
1016,Vale Alimentação,801
1756,Auxílio Creche,1051
2691,Vale Transporte,215
358,Auxílio Creche,1366
894,Auxílio Creche,1115
1715,Plano Odontológico,1364
642,Vale Alimentação,688
1897,Plano de Saúde,1456
388,Plano Odontológico,1397
2888,Vale Alimentação,624
1822,Plano Odontológico,780
423,Vale Transporte,1301
284,Plano Odontológico,1233
2776,Plano Odontológico,1097
766,Vale Alimentação,388
1083,Vale Alimentação,787
119,Vale Transporte,1361
51,Plano Odontológico,723
2571,Plano Odontológico,282
2951,Plano Odontológico,422
1801,Vale Transporte,351
687,Vale Transporte,326
1937,Plano Odontológico,1093
1297,Vale Transporte,818
1163,Plano Odontológico,1354
834,Vale Alimentação,504
1781,Vale Transporte,858
268,Vale Alimentação,528
2832,Plano de Saúde,939
766,Vale Alimentação,1441
1785,Vale Transporte,1408
1264,Vale Alimentação,747
2857,Plano Odontológico,1381
2733,Auxílio Creche,903
522,Plano de Saúde,1497
2461,Vale Alimentação,1121
2054,Vale Transporte,1342
2327,Auxílio Creche,1377
177,Plano Odontológico,588
498,Plano Odontológico,940
2486,Plano Odontológico,774
2501,Auxílio Creche,1193
1540,Vale Transporte,1080
1834,Plano Odontológico,1226
1515,Plano Odontológico,933
986,Auxílio Creche,731
408,Vale Alimentação,388
2079,Vale Alimentação,735
2084,Vale Transporte,851
2686,Plano Odontológico,242
2542,Auxílio Creche,910
136,Plano de Saúde,332
90,Plano Odontológico,722
461,Auxílio Creche,403
1258,Plano Odontológico,488
623,Vale Alimentação,1276
2064,Auxílio Creche,1276
1773,Plano Odontológico,427
1667,Plano de Saúde,1217
1033,Vale Alimentação,1008
918,Plano de Saúde,1288
749,Plano Odontológico,878
1422,Vale Transporte,772
2357,Plano de Saúde,708
1300,Vale Alimentação,708
1039,Plano Odontológico,954
1654,Plano de Saúde,632
2384,Vale Transporte,257
226,Vale Alimentação,1106
1712,Vale Transporte,1477
886,Plano Odontológico,1257
2200,Vale Transporte,617
2567,Plano de Saúde,752
1580,Vale Transporte,600
198,Vale Transporte,908
2358,Vale Alimentação,1317
2201,Vale Alimentação,1279
1991,Vale Alimentação,1231
2314,Vale Transporte,336
109,Plano Odontológico,713
2245,Auxílio Creche,891
664,Plano de Saúde,768
1521,Auxílio Creche,698
1135,Auxílio Creche,831
2863,Plano de Saúde,403
2443,Auxílio Creche,1452
381,Plano Odontológico,242
1872,Plano Odontológico,1230
2003,Vale Transporte,1151
1228,Vale Transporte,1288
2030,Vale Transporte,514
468,Plano Odontológico,301
1199,Vale Alimentação,1194
2112,Plano Odontológico,926
1178,Vale Transporte,238
976,Vale Alimentação,1408
171,Auxílio Creche,1019
1968,Auxílio Creche,859
1430,Auxílio Creche,674
2110,Vale Transporte,369
2200,Auxílio Creche,772
701,Vale Transporte,829
2338,Auxílio Creche,1209
1926,Plano de Saúde,872
1493,Plano de Saúde,490
1975,Plano de Saúde,607
1336,Plano de Saúde,684
644,Vale Alimentação,490
1744,Vale Alimentação,1473
906,Auxílio Creche,1306
2167,Plano Odontológico,1034
623,Vale Transporte,856
1395,Vale Alimentação,829
2314,Plano de Saúde,1135
2259,Vale Transporte,413
1410,Vale Alimentação,902
550,Vale Alimentação,1365
1377,Plano de Saúde,888
1015,Plano Odontológico,498
368,Plano Odontológico,865
293,Vale Alimentação,490
2937,Plano de Saúde,1426
683,Vale Transporte,460
2920,Plano de Saúde,317
1808,Plano de Saúde,965
2713,Auxílio Creche,905
484,Plano de Saúde,1463
2702,Vale Transporte,311
1772,Vale Alimentação,589
1085,Vale Alimentação,959
764,Vale Transporte,1053
1691,Plano de Saúde,763
192,Plano Odontológico,1458
118,Vale Transporte,732
2796,Auxílio Creche,398
1700,Vale Transporte,1179
2757,Plano de Saúde,1205
1081,Plano Odontológico,240
1611,Vale Alimentação,782
1091,Plano de Saúde,679
2782,Vale Transporte,1470
512,Vale Transporte,501
2029,Auxílio Creche,313
2379,Vale Alimentação,441
179,Plano Odontológico,828
1646,Auxílio Creche,786
780,Plano Odontológico,662
2437,Plano Odontológico,1158
1389,Auxílio Creche,1441
2505,Plano de Saúde,1423
2919,Plano de Saúde,1481
502,Vale Transporte,646
2333,Vale Transporte,1482
1249,Plano Odontológico,706
2622,Auxílio Creche,1050
863,Plano de Saúde,1048
1882,Vale Transporte,1243
2134,Auxílio Creche,277
1782,Plano de Saúde,1378
310,Plano Odontológico,709
2714,Plano de Saúde,1075
2079,Vale Transporte,941
1019,Plano de Saúde,1293
2117,Auxílio Creche,1478
2363,Auxílio Creche,1055
1943,Plano de Saúde,1281
128,Auxílio Creche,967
1790,Vale Transporte,693
2942,Plano Odontológico,552
343,Plano Odontológico,1420
2909,Auxílio Creche,1074
1586,Plano Odontológico,252
2127,Plano de Saúde,631
999,Plano de Saúde,645
437,Vale Alimentação,546
783,Plano de Saúde,207
1687,Vale Transporte,1304
861,Vale Transporte,358
2891,Auxílio Creche,750
939,Auxílio Creche,1250
2132,Vale Alimentação,1434
2266,Plano de Saúde,495
1409,Vale Alimentação,810
2206,Plano Odontológico,811
1296,Plano Odontológico,470
1508,Auxílio Creche,593
1823,Plano de Saúde,762
1123,Vale Transporte,665
511,Plano Odontológico,1420
1843,Vale Transporte,1379
2150,Vale Transporte,870
2835,Plano de Saúde,924
2543,Vale Alimentação,227
2026,Plano de Saúde,1212
861,Auxílio Creche,1001
2332,Auxílio Creche,808
46,Plano de Saúde,1389
2603,Plano de Saúde,1440
1659,Vale Alimentação,1152
2185,Plano de Saúde,448
2567,Plano Odontológico,1408
487,Plano de Saúde,450
1698,Vale Transporte,697
1656,Plano Odontológico,460
677,Vale Alimentação,269
2179,Plano Odontológico,1285
4,Plano de Saúde,480
325,Plano de Saúde,862
2846,Plano de Saúde,230
1117,Auxílio Creche,1425
2686,Vale Transporte,1065
2296,Plano Odontológico,556
808,Plano de Saúde,1191
1240,Plano de Saúde,883
1629,Plano de Saúde,1099
2933,Vale Transporte,214
1377,Plano Odontológico,998
2280,Auxílio Creche,914
947,Plano Odontológico,1258
379,Vale Alimentação,638
652,Plano Odontológico,500
337,Vale Alimentação,994
637,Plano de Saúde,530
828,Auxílio Creche,1213
2136,Vale Transporte,404
1356,Plano Odontológico,561
2820,Auxílio Creche,589
89,Vale Transporte,1262
1223,Plano Odontológico,1475
2206,Plano Odontológico,456
2511,Vale Transporte,1412
2169,Vale Alimentação,402
2341,Plano de Saúde,494
1549,Vale Transporte,314
2761,Plano Odontológico,1433
533,Plano Odontológico,1256
13,Vale Transporte,482
992,Plano de Saúde,1326
2635,Auxílio Creche,406
2935,Auxílio Creche,335
1251,Vale Transporte,225
964,Vale Transporte,680
497,Vale Alimentação,1192
2077,Auxílio Creche,631
1071,Vale Alimentação,728
2651,Plano de Saúde,559
2901,Vale Transporte,349
2547,Plano Odontológico,1334
2197,Auxílio Creche,1124
780,Auxílio Creche,1430
422,Vale Alimentação,1282
256,Plano de Saúde,262
1014,Auxílio Creche,738
1645,Vale Transporte,1189
2415,Plano de Saúde,952
2102,Auxílio Creche,1066
1755,Auxílio Creche,966
1946,Auxílio Creche,1317
2900,Plano Odontológico,334
1195,Vale Alimentação,325
1998,Plano de Saúde,467
1026,Auxílio Creche,903
165,Plano de Saúde,281
2180,Plano de Saúde,1394
935,Plano de Saúde,1135
2776,Auxílio Creche,1053
2565,Vale Alimentação,393
1675,Plano Odontológico,866
2705,Plano de Saúde,295
559,Vale Alimentação,662
2939,Auxílio Creche,949
1827,Vale Alimentação,1397
1110,Vale Transporte,215
727,Vale Transporte,283
467,Plano Odontológico,316
1083,Plano Odontológico,620
2352,Vale Alimentação,314
2046,Vale Alimentação,989
1995,Plano de Saúde,849
754,Auxílio Creche,1207
2338,Auxílio Creche,459
514,Auxílio Creche,1003
2150,Vale Alimentação,990
128,Auxílio Creche,1214
1664,Plano de Saúde,1353
1245,Plano Odontológico,1348
2956,Vale Transporte,323
1804,Vale Alimentação,787
2205,Auxílio Creche,1422
2828,Vale Transporte,949
1198,Plano de Saúde,899
485,Vale Alimentação,966
492,Plano de Saúde,1013
358,Vale Alimentação,1468
1463,Plano Odontológico,1134
1367,Auxílio Creche,589
2839,Auxílio Creche,286
400,Plano Odontológico,560
1405,Vale Transporte,708
1445,Plano de Saúde,942
970,Auxílio Creche,977
345,Auxílio Creche,245
2101,Plano de Saúde,255
2099,Auxílio Creche,1207
2271,Vale Alimentação,1036
911,Plano de Saúde,240
458,Vale Alimentação,804
402,Plano Odontológico,497
2217,Vale Alimentação,369
964,Vale Alimentação,1087
593,Vale Alimentação,1255
1491,Auxílio Creche,1161
2730,Vale Transporte,1115
2208,Vale Transporte,249
2794,Plano de Saúde,766
1448,Plano Odontológico,467
655,Plano Odontológico,1395
965,Plano Odontológico,660
51,Vale Transporte,396
1723,Plano Odontológico,1497
850,Plano Odontológico,631
88,Vale Alimentação,349
613,Plano de Saúde,1298
638,Vale Transporte,1024
2321,Vale Alimentação,850
1168,Vale Alimentação,1303
438,Plano de Saúde,374
1932,Auxílio Creche,1012
469,Vale Alimentação,578
1339,Plano Odontológico,1054
2626,Vale Transporte,397
720,Auxílio Creche,642
1923,Vale Alimentação,1387
1282,Plano Odontológico,1430
2972,Plano de Saúde,542
2598,Plano de Saúde,1236
1053,Vale Alimentação,259
1074,Plano de Saúde,1495
751,Auxílio Creche,572
2605,Plano de Saúde,441
2234,Plano Odontológico,626
1496,Auxílio Creche,1275
749,Plano de Saúde,601
1068,Plano Odontológico,755
1735,Plano de Saúde,851
1580,Vale Alimentação,468
2473,Plano Odontológico,286
1801,Vale Transporte,1188
1260,Auxílio Creche,824
336,Auxílio Creche,857
1486,Vale Transporte,353
2510,Vale Transporte,529
2825,Plano Odontológico,1386
2869,Vale Alimentação,958
57,Plano Odontológico,453
1997,Vale Transporte,431
1206,Plano Odontológico,1210
1582,Auxílio Creche,370
1884,Vale Transporte,576
1737,Vale Alimentação,1127
2255,Auxílio Creche,1479
902,Plano de Saúde,819
2859,Vale Transporte,712
2983,Plano de Saúde,1065
2160,Plano de Saúde,1354
1321,Vale Transporte,1216
2319,Vale Transporte,977
701,Auxílio Creche,345
1899,Plano Odontológico,1029
713,Vale Alimentação,549
587,Vale Transporte,220
2391,Vale Alimentação,1356
151,Plano Odontológico,988
570,Plano de Saúde,948
2509,Plano de Saúde,415
2876,Auxílio Creche,1453
2633,Vale Transporte,1210
1470,Plano Odontológico,960
1304,Plano Odontológico,806
2384,Vale Transporte,232
2082,Vale Transporte,212
2770,Vale Transporte,1480
2190,Plano de Saúde,1312
1622,Plano de Saúde,474
2867,Plano de Saúde,241
2227,Plano de Saúde,1448
404,Vale Transporte,1126
2891,Auxílio Creche,321
1779,Vale Transporte,799
1275,Auxílio Creche,896
1558,Plano Odontológico,1197
918,Auxílio Creche,335
287,Vale Transporte,1335
2560,Vale Transporte,969
770,Auxílio Creche,1480
123,Plano de Saúde,1367
140,Plano de Saúde,1445
327,Plano de Saúde,416
561,Plano Odontológico,475
2694,Vale Alimentação,1410
847,Plano de Saúde,747
1965,Plano de Saúde,857
1914,Plano Odontológico,1129
924,Vale Transporte,873
1971,Vale Transporte,769
1913,Auxílio Creche,381
35,Plano de Saúde,226
1687,Vale Transporte,769
101,Plano de Saúde,729
295,Auxílio Creche,938
1234,Vale Transporte,870
2577,Auxílio Creche,1421
758,Plano de Saúde,960
2378,Vale Transporte,549
1332,Plano Odontológico,1194
2332,Vale Alimentação,1263
2578,Auxílio Creche,1153
1254,Plano de Saúde,1165
285,Vale Transporte,590
2634,Plano Odontológico,1275
1610,Plano de Saúde,1163
2499,Plano de Saúde,595
1418,Plano de Saúde,1467
2048,Vale Alimentação,293
2130,Vale Transporte,889
2683,Auxílio Creche,1187
2640,Vale Alimentação,1183
1005,Vale Transporte,223
1822,Plano de Saúde,705
2640,Vale Alimentação,1255
2647,Plano de Saúde,875
1047,Vale Transporte,851
684,Auxílio Creche,329
328,Auxílio Creche,1151
2566,Vale Transporte,1322
2883,Auxílio Creche,858
1807,Plano Odontológico,618
1005,Vale Transporte,1019
468,Plano de Saúde,1148
2199,Vale Alimentação,1090
1638,Plano Odontológico,286
315,Vale Alimentação,1214
2484,Plano de Saúde,941
2019,Vale Transporte,260
2543,Auxílio Creche,332
752,Plano de Saúde,1081
2061,Vale Alimentação,962
605,Vale Transporte,1363
1557,Auxílio Creche,1399
456,Vale Alimentação,642
1192,Plano de Saúde,1371
991,Vale Alimentação,367
2347,Plano de Saúde,1098
1636,Plano Odontológico,324
965,Vale Transporte,219
306,Auxílio Creche,742
286,Plano Odontológico,1426
545,Auxílio Creche,1146
1753,Vale Transporte,887
1941,Vale Alimentação,1492
26,Auxílio Creche,884
2271,Plano Odontológico,574
2232,Plano de Saúde,758
207,Plano Odontológico,1189
2779,Vale Alimentação,290
2046,Vale Alimentação,787
956,Vale Alimentação,600
2070,Vale Alimentação,1445
1257,Plano de Saúde,1003
739,Plano de Saúde,1000
286,Plano de Saúde,1381
2203,Plano de Saúde,1328
1545,Vale Transporte,463
1824,Auxílio Creche,1087
1940,Vale Transporte,1276
18,Plano Odontológico,1317
1296,Vale Transporte,1397
326,Plano Odontológico,718
2603,Auxílio Creche,450
2940,Vale Alimentação,627
2519,Vale Alimentação,228
2861,Plano de Saúde,298
515,Plano de Saúde,792
2417,Plano de Saúde,1227
2834,Vale Alimentação,1018
655,Vale Alimentação,325
2889,Vale Alimentação,1275
320,Plano de Saúde,451
978,Vale Transporte,690
556,Plano Odontológico,747
390,Plano de Saúde,1454
1374,Plano de Saúde,672
687,Vale Transporte,1106
1319,Vale Alimentação,290
2235,Vale Alimentação,1168
1201,Vale Alimentação,247
1710,Vale Alimentação,1136
2809,Plano de Saúde,218
1860,Plano de Saúde,470
596,Plano Odontológico,717
1383,Vale Transporte,647
1226,Plano de Saúde,1411
1515,Vale Alimentação,1064
17,Plano Odontológico,1439
605,Auxílio Creche,1081
250,Auxílio Creche,882
2670,Plano Odontológico,486
1445,Vale Alimentação,1346
952,Plano de Saúde,374
2524,Auxílio Creche,1061
2486,Plano Odontológico,1437
864,Plano de Saúde,799
2446,Vale Alimentação,1172
1593,Plano Odontológico,1018
2085,Plano de Saúde,455
432,Plano Odontológico,415
273,Vale Alimentação,614
889,Vale Alimentação,727
266,Vale Alimentação,625
369,Auxílio Creche,997
660,Plano Odontológico,1436
1485,Plano Odontológico,816
649,Vale Transporte,238
141,Vale Transporte,1421
651,Plano Odontológico,779
2361,Auxílio Creche,528
2906,Auxílio Creche,725
870,Auxílio Creche,1441
2297,Vale Transporte,1055
1242,Auxílio Creche,740
146,Plano Odontológico,1126
369,Plano de Saúde,716
579,Vale Transporte,1392
238,Vale Alimentação,878
200,Auxílio Creche,621
432,Vale Alimentação,1282
484,Vale Transporte,1213
1719,Vale Transporte,225
2383,Plano Odontológico,1111
2652,Plano Odontológico,1357
2070,Vale Alimentação,987
2867,Plano de Saúde,1350
2966,Vale Transporte,348
1112,Plano de Saúde,784
1425,Plano Odontológico,469
1870,Vale Transporte,591
182,Auxílio Creche,1095
1355,Auxílio Creche,938
414,Vale Alimentação,1258
2956,Vale Alimentação,803
936,Vale Transporte,1314
963,Plano de Saúde,612
2523,Vale Transporte,671
1581,Vale Alimentação,377
1896,Vale Transporte,1091
954,Vale Transporte,1247
2311,Auxílio Creche,1326
810,Auxílio Creche,568
1438,Vale Transporte,1458
441,Plano de Saúde,1395
1238,Plano Odontológico,693
2598,Vale Alimentação,511
215,Vale Transporte,953
910,Vale Alimentação,683
1151,Vale Transporte,982
495,Auxílio Creche,660
130,Plano de Saúde,1454
840,Plano Odontológico,968
982,Vale Transporte,1438
1711,Vale Transporte,1170
1263,Auxílio Creche,1111
1540,Plano Odontológico,1346
2358,Auxílio Creche,1313
2220,Vale Alimentação,722
89,Vale Transporte,1152
1157,Auxílio Creche,781
770,Auxílio Creche,884
2895,Plano Odontológico,696
2719,Auxílio Creche,982
589,Vale Alimentação,421
2646,Vale Alimentação,261
1572,Auxílio Creche,774
686,Vale Transporte,1491
2933,Plano Odontológico,506
625,Auxílio Creche,202
766,Plano Odontológico,605
1638,Plano de Saúde,1253
1100,Plano de Saúde,751
2009,Plano de Saúde,1332
1655,Plano Odontológico,277
2807,Vale Transporte,490
367,Vale Transporte,369
1219,Auxílio Creche,1336
999,Vale Alimentação,1401
2522,Vale Transporte,362
1689,Vale Transporte,291
2880,Vale Alimentação,1007
1050,Vale Transporte,401
1088,Vale Alimentação,312
1999,Plano Odontológico,310
2586,Vale Alimentação,473
1068,Plano de Saúde,1185
2684,Plano Odontológico,865
1988,Plano de Saúde,577
1182,Plano de Saúde,1393
465,Plano Odontológico,1071
1141,Plano de Saúde,1095
2936,Vale Transporte,917
1447,Auxílio Creche,769
1107,Auxílio Creche,800
2699,Plano Odontológico,1021
340,Auxílio Creche,756
570,Auxílio Creche,1189
783,Plano de Saúde,1312
1831,Plano de Saúde,958
4,Auxílio Creche,1352
2555,Vale Alimentação,985
1785,Plano Odontológico,1068
1890,Auxílio Creche,788
2216,Plano Odontológico,452
2945,Vale Transporte,1328
770,Vale Transporte,204
2511,Plano Odontológico,310
2409,Auxílio Creche,1228
2477,Vale Alimentação,615
1633,Vale Transporte,946
1582,Plano Odontológico,290
2387,Auxílio Creche,250
388,Plano de Saúde,1139
189,Plano de Saúde,1025
1609,Vale Alimentação,1128
1318,Auxílio Creche,1454
836,Vale Alimentação,1061
1223,Plano de Saúde,531
625,Vale Alimentação,1116
2424,Auxílio Creche,779
1542,Vale Alimentação,614
2883,Plano Odontológico,1500
1418,Vale Alimentação,882
1058,Vale Alimentação,1013
19,Vale Transporte,692
1210,Auxílio Creche,1398
551,Plano de Saúde,499
2073,Plano Odontológico,698
398,Vale Alimentação,1087
1236,Plano de Saúde,871
2921,Plano de Saúde,1455
1816,Auxílio Creche,394
221,Vale Alimentação,1388
1308,Auxílio Creche,216
1388,Auxílio Creche,1327
242,Plano Odontológico,661
2139,Vale Alimentação,1330
2822,Vale Alimentação,667
2241,Vale Transporte,902
1898,Auxílio Creche,582
888,Plano de Saúde,1167
2180,Plano Odontológico,641
2034,Vale Transporte,1192
106,Vale Transporte,1461
908,Plano Odontológico,227
1387,Plano de Saúde,234
2268,Auxílio Creche,1125
2992,Vale Transporte,1268
3000,Vale Transporte,1006
1845,Vale Alimentação,1028
2888,Plano Odontológico,1433
2393,Plano de Saúde,1323
2038,Auxílio Creche,1165
790,Vale Transporte,378
2395,Vale Alimentação,733
103,Vale Transporte,1491
1845,Vale Alimentação,1341
1441,Plano Odontológico,1376
1096,Vale Transporte,1193
2593,Vale Alimentação,670
2519,Plano de Saúde,1234
612,Vale Transporte,1371
1888,Plano de Saúde,1392
7,Plano Odontológico,1477
202,Plano de Saúde,574
744,Auxílio Creche,525
509,Auxílio Creche,1470
2488,Plano de Saúde,915
584,Auxílio Creche,234
2968,Vale Transporte,361
2043,Vale Alimentação,1230
1354,Auxílio Creche,1361
727,Plano Odontológico,1208
828,Auxílio Creche,1440
1317,Plano Odontológico,1228
1340,Auxílio Creche,941
2733,Plano Odontológico,1300
1854,Vale Alimentação,836
993,Vale Transporte,683
2190,Vale Transporte,1073
277,Plano Odontológico,813
1803,Plano Odontológico,1037
1936,Vale Transporte,721
2984,Vale Alimentação,206
2062,Plano de Saúde,324
2857,Vale Transporte,1083
11,Vale Alimentação,805
591,Vale Transporte,462
1687,Plano de Saúde,1020
1029,Plano Odontológico,1215
997,Auxílio Creche,770
1742,Plano de Saúde,822
1299,Plano Odontológico,520
1225,Vale Alimentação,870
1977,Vale Transporte,619
2204,Plano Odontológico,396
1670,Auxílio Creche,1025
1976,Auxílio Creche,286
148,Auxílio Creche,1140
2362,Vale Alimentação,982
148,Plano de Saúde,1413
1024,Plano de Saúde,1270
340,Plano de Saúde,1086
2233,Plano de Saúde,428
537,Plano de Saúde,1423
1290,Plano Odontológico,1079
1982,Vale Transporte,432
2256,Plano Odontológico,1062
2777,Vale Alimentação,697
957,Auxílio Creche,949
2491,Plano de Saúde,895
1365,Plano Odontológico,1363
2688,Vale Transporte,363
2828,Vale Alimentação,415
2369,Plano de Saúde,1334
1423,Plano Odontológico,421
2999,Plano de Saúde,795
56,Vale Transporte,1289
1675,Plano de Saúde,590
1089,Plano de Saúde,651
2777,Plano Odontológico,1301
2704,Plano Odontológico,1298
544,Auxílio Creche,1348
65,Vale Alimentação,1486
4,Plano Odontológico,293
1686,Vale Transporte,538
725,Vale Transporte,969
1087,Vale Alimentação,1298
2301,Auxílio Creche,1388
1714,Plano Odontológico,945
139,Plano de Saúde,673
2956,Vale Alimentação,768
524,Plano Odontológico,841
640,Plano Odontológico,357
2465,Plano de Saúde,1466
1810,Vale Transporte,715
2274,Auxílio Creche,413
1471,Vale Alimentação,1396
1155,Vale Alimentação,215
426,Plano de Saúde,1052
1340,Plano de Saúde,641
2857,Auxílio Creche,655
1273,Plano de Saúde,579
50,Plano de Saúde,1240
1424,Vale Transporte,647
1964,Vale Transporte,886
1640,Plano Odontológico,849
135,Auxílio Creche,743
625,Vale Transporte,1267
1201,Plano Odontológico,1432
2290,Plano de Saúde,932
679,Vale Transporte,261
2225,Plano de Saúde,763
524,Plano Odontológico,1363
1428,Vale Alimentação,772
2061,Vale Transporte,769
300,Vale Alimentação,453
1697,Vale Transporte,455
1210,Auxílio Creche,1285
2522,Plano Odontológico,565
2524,Vale Alimentação,654
2450,Plano de Saúde,245
2958,Plano Odontológico,1330
2431,Vale Transporte,920
1256,Auxílio Creche,1022
74,Vale Transporte,975
987,Plano Odontológico,822
1338,Vale Transporte,1393
1022,Plano de Saúde,274
2751,Plano Odontológico,482
2572,Vale Alimentação,1124
1135,Plano de Saúde,1088
1710,Vale Transporte,1301
1217,Plano Odontológico,1490
1114,Vale Alimentação,623
2790,Vale Alimentação,674
1407,Vale Alimentação,992
2618,Plano de Saúde,1349
1063,Vale Transporte,1402
2881,Plano Odontológico,1190
2215,Plano Odontológico,1264
2559,Plano Odontológico,401
735,Vale Transporte,1344
1226,Auxílio Creche,1290
2377,Plano Odontológico,571
1179,Plano de Saúde,537
16,Plano de Saúde,644
172,Auxílio Creche,665
2492,Vale Transporte,484
2376,Vale Alimentação,1117
461,Plano de Saúde,532
2495,Plano de Saúde,789
2942,Plano de Saúde,687
959,Plano Odontológico,1415
56,Plano Odontológico,1412
366,Plano de Saúde,843
2855,Vale Alimentação,1115
2,Plano de Saúde,703
1304,Auxílio Creche,530
1995,Plano Odontológico,930
620,Plano Odontológico,620
2213,Plano Odontológico,1010
2631,Auxílio Creche,849
1831,Plano de Saúde,1145
1017,Plano de Saúde,919
13,Plano de Saúde,748
1858,Auxílio Creche,651
2242,Vale Transporte,1136
1188,Plano de Saúde,1184
2405,Auxílio Creche,938
2493,Vale Transporte,1423
184,Plano de Saúde,740
1405,Auxílio Creche,1347
99,Auxílio Creche,508
271,Auxílio Creche,431
900,Vale Transporte,1500
775,Auxílio Creche,381
1875,Auxílio Creche,590
2754,Plano Odontológico,381
609,Auxílio Creche,1241
2603,Vale Transporte,1334
1226,Auxílio Creche,218
2032,Vale Alimentação,654
1342,Plano de Saúde,1108
85,Vale Transporte,1087
513,Vale Alimentação,464
2883,Auxílio Creche,1062
2798,Plano de Saúde,359
2624,Plano Odontológico,532
28,Plano de Saúde,1049
2916,Plano Odontológico,439
1938,Plano de Saúde,745
39,Vale Alimentação,300
828,Plano de Saúde,1339
509,Vale Alimentação,395
2479,Plano Odontológico,1117
881,Vale Alimentação,1079
1166,Vale Transporte,408
701,Auxílio Creche,338
2539,Auxílio Creche,1256
1243,Vale Transporte,1408
2785,Plano de Saúde,1175
1930,Auxílio Creche,727
2285,Plano de Saúde,1483
109,Vale Alimentação,1388
282,Auxílio Creche,1479
1648,Vale Transporte,1383
2553,Vale Transporte,358
1417,Vale Transporte,1318
197,Plano de Saúde,1456
1881,Auxílio Creche,441
1896,Vale Alimentação,989
2122,Auxílio Creche,949
1643,Plano Odontológico,902
1704,Vale Alimentação,330
465,Plano de Saúde,574
2926,Vale Alimentação,966
2145,Plano Odontológico,1233
557,Vale Transporte,1417
2780,Vale Transporte,606
64,Auxílio Creche,970
18,Plano Odontológico,1429
2359,Plano de Saúde,444
2264,Vale Alimentação,537
688,Plano Odontológico,514
699,Vale Alimentação,986
102,Vale Transporte,509
1332,Plano de Saúde,480
364,Plano de Saúde,342
2485,Vale Transporte,419
1616,Plano Odontológico,275
2124,Vale Transporte,1310
920,Vale Alimentação,918
2470,Plano de Saúde,627
2641,Plano Odontológico,939
1268,Plano de Saúde,1268
165,Vale Alimentação,1345
2261,Vale Transporte,317
2893,Plano Odontológico,907
1183,Vale Alimentação,1165
2821,Vale Transporte,1277
2792,Vale Transporte,639
2391,Vale Alimentação,854
572,Plano Odontológico,884
1428,Auxílio Creche,337
2583,Auxílio Creche,210
2740,Vale Transporte,423
886,Vale Transporte,336
883,Plano de Saúde,1269
2300,Auxílio Creche,1419
2657,Plano de Saúde,865
948,Vale Transporte,696
1478,Auxílio Creche,488
1248,Auxílio Creche,1364
505,Plano de Saúde,773
2410,Vale Alimentação,1481
2670,Plano de Saúde,1175
184,Auxílio Creche,413
1190,Auxílio Creche,902
1899,Auxílio Creche,477
2701,Auxílio Creche,1352
254,Vale Transporte,1051
666,Vale Transporte,265
910,Plano de Saúde,297
980,Vale Transporte,1450
2976,Vale Transporte,1253
2513,Plano de Saúde,224
1576,Vale Alimentação,646
853,Vale Alimentação,530
2020,Auxílio Creche,713
1827,Vale Transporte,1371
951,Vale Alimentação,607
970,Plano Odontológico,1398
2583,Plano Odontológico,467
1991,Auxílio Creche,728
504,Plano Odontológico,1207
806,Auxílio Creche,836
2603,Plano de Saúde,569
1502,Plano Odontológico,591
2096,Vale Transporte,301
2032,Auxílio Creche,1183
417,Plano Odontológico,1042
2916,Plano Odontológico,409
2404,Vale Transporte,843
876,Auxílio Creche,1492
1935,Auxílio Creche,1107
2279,Vale Transporte,208
1064,Vale Alimentação,1057
863,Auxílio Creche,1097
988,Vale Alimentação,750
2226,Auxílio Creche,939
155,Plano de Saúde,1224
1325,Vale Alimentação,637
1983,Vale Transporte,880
954,Plano Odontológico,940
2326,Plano Odontológico,1251
568,Plano de Saúde,681
1241,Plano Odontológico,856
1833,Vale Alimentação,1304
1150,Plano de Saúde,1490
1484,Auxílio Creche,1187
1634,Auxílio Creche,823
1177,Auxílio Creche,1187
2720,Auxílio Creche,1393
1110,Vale Transporte,711
1172,Auxílio Creche,1492
3000,Plano de Saúde,524
2075,Vale Transporte,1295
2376,Vale Alimentação,416
2051,Vale Transporte,321
2149,Auxílio Creche,608
487,Vale Alimentação,365
2428,Plano Odontológico,917
1497,Plano Odontológico,417
1711,Vale Alimentação,1412
764,Auxílio Creche,876
2440,Vale Alimentação,364
2060,Plano de Saúde,436
2707,Auxílio Creche,1104
1788,Vale Alimentação,349
1428,Plano de Saúde,1228
707,Plano de Saúde,561
1982,Vale Transporte,481
972,Vale Transporte,474
1574,Vale Alimentação,830
1653,Plano de Saúde,784
2443,Vale Alimentação,1227
76,Vale Transporte,556
774,Auxílio Creche,353
372,Vale Transporte,227
841,Vale Transporte,745
1903,Plano de Saúde,722
146,Vale Alimentação,1215
297,Plano de Saúde,950
489,Auxílio Creche,1134
2808,Plano de Saúde,952
2455,Plano de Saúde,1131
243,Vale Alimentação,926
1760,Plano de Saúde,1143
2899,Vale Transporte,832
1734,Auxílio Creche,794
1485,Vale Alimentação,776
579,Plano Odontológico,624
72,Plano de Saúde,1108
1887,Auxílio Creche,283
2822,Plano de Saúde,1121
2079,Plano de Saúde,917
1112,Plano Odontológico,273
1639,Vale Alimentação,849
331,Vale Transporte,574
25,Plano Odontológico,271
2784,Vale Transporte,271
916,Vale Transporte,538
537,Plano Odontológico,1095
527,Auxílio Creche,432
2216,Plano Odontológico,755
1517,Vale Alimentação,1424
2134,Auxílio Creche,805
1244,Vale Transporte,1363
1756,Vale Transporte,625
1101,Plano de Saúde,522
2726,Vale Transporte,956
1561,Vale Alimentação,577
1292,Vale Alimentação,1115
970,Plano de Saúde,586
613,Vale Transporte,427
482,Vale Alimentação,879
1757,Plano Odontológico,1355
622,Plano de Saúde,265
1397,Auxílio Creche,982
2328,Vale Transporte,1081
512,Plano Odontológico,915
835,Vale Alimentação,570
438,Vale Transporte,1169
364,Plano Odontológico,1252
2874,Plano de Saúde,1013
728,Auxílio Creche,1239
2354,Plano de Saúde,1185
458,Vale Alimentação,627
1188,Vale Alimentação,571
2100,Vale Transporte,1182
322,Vale Transporte,1120
847,Plano de Saúde,443
1524,Vale Transporte,746
1167,Vale Alimentação,844
2909,Vale Alimentação,1310
51,Plano Odontológico,599
2690,Plano de Saúde,1166
1650,Vale Alimentação,296
2641,Auxílio Creche,612
1108,Plano Odontológico,372
2290,Auxílio Creche,842
935,Plano de Saúde,258
2685,Plano Odontológico,804
531,Vale Transporte,285
686,Vale Alimentação,734
2577,Plano Odontológico,1431
2438,Vale Transporte,902
189,Plano Odontológico,1172
1270,Vale Transporte,1157
451,Vale Transporte,888
2900,Auxílio Creche,698
1153,Plano Odontológico,837
2089,Vale Alimentação,805
1243,Vale Transporte,380
648,Vale Transporte,462
1647,Auxílio Creche,980
1858,Plano de Saúde,965
533,Vale Alimentação,329
1251,Plano de Saúde,252
2090,Vale Transporte,436
1503,Plano de Saúde,853
316,Plano Odontológico,216
1183,Auxílio Creche,1493
2713,Plano Odontológico,365
1803,Plano Odontológico,243
1646,Vale Alimentação,1186
178,Auxílio Creche,1079
2618,Auxílio Creche,320
1197,Vale Transporte,375
1831,Plano de Saúde,1210
438,Vale Transporte,226
486,Plano Odontológico,316
371,Vale Alimentação,925
2399,Plano Odontológico,896
791,Auxílio Creche,1219
713,Plano Odontológico,359
2389,Plano Odontológico,397
2987,Vale Alimentação,1446
1111,Auxílio Creche,347
2793,Vale Transporte,1389
2465,Auxílio Creche,479
523,Vale Alimentação,798
1862,Plano de Saúde,766
2928,Vale Alimentação,1178
2936,Vale Alimentação,1079
2456,Vale Alimentação,1127
1264,Plano de Saúde,442
2713,Auxílio Creche,782
1747,Auxílio Creche,1394
1485,Auxílio Creche,333
143,Plano Odontológico,944
672,Vale Transporte,1279
2992,Vale Alimentação,329
2669,Plano de Saúde,635
2483,Plano Odontológico,263
1538,Plano Odontológico,983
2729,Plano de Saúde,695
2307,Auxílio Creche,1296
2549,Vale Transporte,874
999,Vale Transporte,443
1962,Plano Odontológico,1161
573,Auxílio Creche,1201
1843,Vale Transporte,654
981,Plano Odontológico,317
2127,Vale Transporte,308
2838,Plano de Saúde,235
1370,Vale Alimentação,1454
2844,Plano de Saúde,487
1574,Vale Alimentação,353
2820,Auxílio Creche,230
901,Vale Transporte,1190
1779,Vale Alimentação,1395
2759,Plano Odontológico,740
1321,Plano de Saúde,1060
112,Auxílio Creche,1489
949,Plano Odontológico,1478
2957,Vale Alimentação,310
2620,Vale Transporte,605
1819,Auxílio Creche,345
2277,Auxílio Creche,942
1132,Vale Transporte,549
2800,Plano Odontológico,1417
1635,Auxílio Creche,1207
2211,Vale Alimentação,734
2513,Plano Odontológico,1282
1460,Vale Transporte,1077
1749,Auxílio Creche,629
1416,Vale Alimentação,221
37,Vale Alimentação,947
2584,Auxílio Creche,814
1030,Vale Alimentação,696
1073,Plano de Saúde,851
2043,Auxílio Creche,1013
2700,Plano de Saúde,430
2026,Plano Odontológico,471
325,Plano de Saúde,613
1989,Vale Transporte,1228
2311,Vale Alimentação,1295
93,Vale Alimentação,1019
1852,Plano Odontológico,483
2821,Vale Alimentação,676
591,Plano Odontológico,649
851,Plano de Saúde,1069
914,Auxílio Creche,777
314,Plano Odontológico,1481
1005,Vale Alimentação,769
1292,Vale Transporte,1181
45,Vale Alimentação,1145
2337,Vale Alimentação,229
235,Plano Odontológico,955
1235,Auxílio Creche,890
2043,Plano Odontológico,444
524,Auxílio Creche,790
1773,Auxílio Creche,1491
2568,Vale Transporte,414
325,Vale Alimentação,1377
1705,Vale Alimentação,283
1011,Vale Transporte,619
525,Plano de Saúde,1312
650,Auxílio Creche,1272
157,Vale Transporte,897
2248,Auxílio Creche,699
574,Auxílio Creche,1401
388,Plano de Saúde,1149
2012,Vale Transporte,974
2194,Auxílio Creche,865
1513,Auxílio Creche,361
901,Plano de Saúde,621
575,Plano de Saúde,1092
1540,Plano de Saúde,614
2606,Vale Alimentação,758
2048,Auxílio Creche,1141
428,Vale Alimentação,1062
1381,Plano Odontológico,1488
65,Plano Odontológico,1365
310,Vale Transporte,1006
1355,Vale Alimentação,217
1846,Vale Transporte,850
1726,Plano Odontológico,360
2158,Vale Transporte,1407
2841,Plano Odontológico,314
2779,Auxílio Creche,450
986,Auxílio Creche,1193
18,Vale Alimentação,323
2102,Vale Transporte,1105
2768,Plano de Saúde,263
1836,Plano Odontológico,333
2213,Vale Alimentação,307
2450,Plano de Saúde,1319
686,Plano de Saúde,757
776,Auxílio Creche,960
571,Vale Transporte,813
56,Vale Transporte,892
370,Auxílio Creche,1452
1231,Auxílio Creche,642
2753,Auxílio Creche,1050
1573,Vale Transporte,757
783,Vale Transporte,860
2762,Auxílio Creche,260
2166,Vale Alimentação,1022
1364,Vale Transporte,714
963,Plano Odontológico,1355
238,Vale Transporte,897
1698,Plano de Saúde,254
802,Plano Odontológico,737
1708,Auxílio Creche,481
1137,Plano de Saúde,520
2787,Vale Alimentação,362
785,Auxílio Creche,461
2567,Plano de Saúde,1220
1330,Plano Odontológico,1052
1612,Plano Odontológico,602
382,Plano de Saúde,1220
883,Plano Odontológico,443
596,Auxílio Creche,1332
850,Plano de Saúde,1304
292,Vale Alimentação,1449
1258,Vale Transporte,364
181,Plano de Saúde,902
1672,Vale Alimentação,696
414,Plano de Saúde,962
2532,Vale Alimentação,587
1428,Plano de Saúde,752
2284,Plano Odontológico,693
2680,Plano Odontológico,382
2139,Auxílio Creche,506
1240,Plano de Saúde,856
2853,Plano de Saúde,665
641,Auxílio Creche,1194
1253,Plano de Saúde,371
1512,Vale Transporte,575
2341,Vale Transporte,1429
2580,Plano Odontológico,897
1337,Vale Transporte,1491
2880,Vale Alimentação,829
1853,Auxílio Creche,1312
1774,Vale Alimentação,212
1883,Plano Odontológico,1020
2145,Vale Alimentação,460
1462,Vale Alimentação,389
270,Auxílio Creche,938
1071,Plano Odontológico,586
1026,Plano de Saúde,567
897,Plano Odontológico,229
2932,Auxílio Creche,1132
1571,Vale Alimentação,885
2144,Auxílio Creche,1367
2198,Vale Alimentação,1212
2721,Plano Odontológico,776
423,Plano de Saúde,1368
2190,Plano de Saúde,1359
1481,Auxílio Creche,566
2973,Plano de Saúde,1419
529,Plano de Saúde,348
452,Vale Transporte,862
234,Auxílio Creche,938
2329,Vale Alimentação,1104
2798,Vale Alimentação,483
613,Auxílio Creche,1336
695,Vale Alimentação,1273
948,Auxílio Creche,1316
410,Auxílio Creche,655
286,Vale Transporte,564
1919,Vale Transporte,1371
1773,Vale Alimentação,1192
1216,Plano de Saúde,1139
1934,Vale Alimentação,246
2027,Plano de Saúde,844
2947,Plano Odontológico,989
672,Vale Alimentação,349
1837,Auxílio Creche,1002
1448,Plano de Saúde,1033
2263,Vale Transporte,1060
574,Vale Transporte,1484
1802,Vale Alimentação,1492
196,Auxílio Creche,579
380,Vale Transporte,579
515,Vale Transporte,636
510,Vale Transporte,481
1594,Auxílio Creche,490
2936,Plano Odontológico,1367
1056,Plano Odontológico,901
1151,Vale Transporte,1453
1421,Vale Transporte,812
1394,Plano de Saúde,1209
2791,Auxílio Creche,1390
1895,Vale Transporte,214
25,Plano Odontológico,444
1417,Vale Alimentação,1037
2792,Vale Transporte,980
1036,Vale Transporte,1471
994,Auxílio Creche,205
351,Auxílio Creche,813
1644,Plano Odontológico,1312
59,Plano Odontológico,262
1798,Auxílio Creche,984
1192,Plano de Saúde,1031
2261,Plano Odontológico,894
1439,Auxílio Creche,283
2503,Plano Odontológico,788
941,Vale Transporte,482
724,Vale Transporte,1426
374,Vale Transporte,868
2610,Plano de Saúde,766
1411,Plano Odontológico,1348
2805,Vale Transporte,1034
2321,Vale Alimentação,517
98,Vale Transporte,525
2763,Plano de Saúde,1184
553,Vale Alimentação,511
1900,Plano Odontológico,1183
244,Plano de Saúde,475
2423,Plano de Saúde,1482
2292,Plano de Saúde,939
2606,Vale Transporte,881
182,Vale Alimentação,760
1824,Plano de Saúde,651
436,Plano Odontológico,287
410,Plano de Saúde,829
950,Vale Transporte,529
1533,Plano Odontológico,1190
2434,Vale Alimentação,1188
2738,Auxílio Creche,1053
2945,Plano de Saúde,261
1159,Vale Alimentação,1042
603,Plano Odontológico,520
583,Vale Transporte,541
1250,Vale Transporte,662
422,Auxílio Creche,1315
256,Auxílio Creche,1373
206,Plano de Saúde,429
1267,Auxílio Creche,367
2278,Auxílio Creche,657
251,Plano de Saúde,468
893,Plano Odontológico,526
2783,Auxílio Creche,1266
1016,Vale Transporte,931
1014,Vale Transporte,629
1655,Vale Alimentação,292
2513,Auxílio Creche,921
771,Vale Transporte,397
1897,Plano Odontológico,481
748,Auxílio Creche,973
2543,Auxílio Creche,656
360,Plano de Saúde,1207
1992,Auxílio Creche,846
1474,Auxílio Creche,340
1565,Plano de Saúde,1190
339,Auxílio Creche,1366
2215,Vale Alimentação,337
2969,Vale Transporte,440
931,Vale Alimentação,1121
2239,Plano Odontológico,1467
1301,Auxílio Creche,324
1262,Plano de Saúde,1382
2295,Auxílio Creche,760
1734,Plano de Saúde,1263
1666,Vale Transporte,1414
2491,Plano de Saúde,725
1295,Plano de Saúde,894
2909,Plano de Saúde,332
2288,Plano de Saúde,1385
2683,Vale Alimentação,208
2602,Plano Odontológico,1062
216,Plano de Saúde,1388
298,Auxílio Creche,339
520,Vale Alimentação,804
1952,Vale Alimentação,502
2850,Vale Alimentação,691
229,Vale Alimentação,1090
1880,Plano Odontológico,556
1898,Vale Transporte,417
2335,Vale Transporte,1300
1947,Vale Transporte,1434
1803,Plano de Saúde,222
25,Auxílio Creche,728
1810,Plano Odontológico,213
1265,Plano de Saúde,256
620,Vale Alimentação,353
591,Plano de Saúde,561
2665,Plano de Saúde,789
2336,Plano de Saúde,548
381,Plano de Saúde,1471
133,Plano de Saúde,1363
836,Vale Alimentação,1159
2721,Auxílio Creche,636
407,Auxílio Creche,745
2635,Vale Alimentação,705
1373,Plano de Saúde,1213
978,Plano de Saúde,399
135,Plano de Saúde,1232
122,Plano de Saúde,949
2721,Vale Alimentação,440
388,Auxílio Creche,757
1466,Vale Alimentação,1025
2578,Vale Transporte,694
2671,Vale Transporte,295
1633,Auxílio Creche,786
2262,Auxílio Creche,553
1008,Vale Transporte,1423
650,Plano Odontológico,1174
2199,Vale Transporte,690
1445,Vale Alimentação,1118
2330,Vale Alimentação,588
280,Plano de Saúde,1491
2976,Auxílio Creche,986
120,Plano de Saúde,1430
1557,Vale Transporte,1240
740,Vale Alimentação,964
2635,Plano Odontológico,683
2689,Vale Alimentação,1026
998,Plano Odontológico,246
1436,Plano de Saúde,1134
2572,Vale Transporte,797
474,Vale Alimentação,1221
1045,Plano de Saúde,1454
2921,Plano Odontológico,581
1616,Auxílio Creche,1008
1984,Vale Alimentação,1316
1756,Plano Odontológico,872
184,Auxílio Creche,912
2092,Plano Odontológico,790
962,Plano de Saúde,1249
95,Plano Odontológico,1417
158,Vale Alimentação,938
1614,Vale Transporte,696
580,Plano Odontológico,1082
752,Vale Transporte,228
1458,Plano Odontológico,368
213,Plano de Saúde,1129
206,Plano Odontológico,449
11,Auxílio Creche,358
1111,Auxílio Creche,1131
1690,Plano Odontológico,809
2992,Plano de Saúde,1363
1668,Vale Alimentação,853
829,Vale Transporte,269
1988,Vale Alimentação,1416
2046,Plano Odontológico,1296
2163,Auxílio Creche,1135
2861,Auxílio Creche,1355
864,Plano Odontológico,206
1468,Plano Odontológico,306
2071,Auxílio Creche,982
722,Vale Alimentação,343
1106,Plano de Saúde,1221
2752,Plano Odontológico,1348
1547,Auxílio Creche,1181
2542,Plano de Saúde,1175
298,Auxílio Creche,1075
71,Plano Odontológico,930
847,Vale Alimentação,889
68,Vale Alimentação,217
1979,Vale Transporte,271
1089,Vale Alimentação,398
481,Plano de Saúde,1148
1873,Plano de Saúde,892
963,Plano de Saúde,1107
726,Auxílio Creche,276
2114,Vale Alimentação,1150
2473,Plano de Saúde,391
429,Vale Alimentação,1245
1608,Vale Transporte,930
436,Plano Odontológico,899
798,Vale Transporte,868
2992,Plano de Saúde,998
240,Plano de Saúde,905
2533,Plano Odontológico,629
839,Plano Odontológico,1317
504,Plano de Saúde,1499
1185,Plano de Saúde,1412
2724,Vale Alimentação,848
842,Vale Alimentação,571
972,Plano de Saúde,1166
948,Plano Odontológico,793
1067,Vale Transporte,808
1538,Auxílio Creche,1440
2752,Plano de Saúde,1380
1870,Vale Alimentação,1409
1772,Auxílio Creche,1169
1635,Plano de Saúde,424
661,Vale Transporte,1417
2569,Plano Odontológico,1098
169,Vale Transporte,418
1754,Plano Odontológico,1091
2606,Vale Transporte,1063
2622,Vale Transporte,261
1181,Auxílio Creche,533
2181,Plano Odontológico,348
1702,Auxílio Creche,687
233,Vale Alimentação,906
2608,Auxílio Creche,780
1228,Plano Odontológico,487
205,Plano de Saúde,1196
2549,Vale Transporte,576
1302,Auxílio Creche,547
2151,Plano Odontológico,724
998,Auxílio Creche,526
2397,Plano de Saúde,1219
2248,Vale Transporte,1084
980,Vale Alimentação,340
714,Auxílio Creche,691
208,Plano Odontológico,853
1413,Vale Transporte,512
379,Plano Odontológico,633
2008,Plano Odontológico,1071
755,Plano Odontológico,413
2593,Auxílio Creche,505
2198,Vale Transporte,624
2538,Vale Alimentação,505
1319,Vale Transporte,804
1739,Vale Alimentação,493
108,Plano Odontológico,258
2043,Plano Odontológico,1290
2581,Auxílio Creche,1387
1938,Plano de Saúde,880
1351,Vale Alimentação,1284
461,Plano de Saúde,650
412,Plano Odontológico,1021
2145,Plano de Saúde,658
2172,Auxílio Creche,702
735,Plano de Saúde,1468
2258,Auxílio Creche,917
2720,Plano Odontológico,365
1598,Vale Alimentação,819
1769,Auxílio Creche,834
1,Auxílio Creche,872
1344,Vale Transporte,215
799,Vale Transporte,1272
966,Vale Alimentação,849
390,Auxílio Creche,242
439,Vale Alimentação,1169
1077,Plano de Saúde,861
879,Plano de Saúde,1155
775,Plano Odontológico,1254
1560,Plano de Saúde,1408
546,Vale Transporte,600
53,Plano de Saúde,1259
2227,Vale Transporte,1189
2494,Plano Odontológico,474
857,Plano de Saúde,877
73,Plano Odontológico,1376
2140,Vale Transporte,1478
302,Vale Transporte,1440
1785,Vale Transporte,796
1412,Vale Transporte,809
2992,Plano de Saúde,576
2250,Vale Alimentação,438
2355,Plano Odontológico,1432
617,Vale Transporte,1400
1951,Vale Transporte,320
842,Plano de Saúde,929
2776,Plano Odontológico,1244
1083,Plano Odontológico,1307
1042,Vale Alimentação,1389
1827,Plano de Saúde,1419
1572,Plano de Saúde,1360
304,Plano Odontológico,835
1697,Plano Odontológico,369
1723,Vale Alimentação,1167
39,Vale Alimentação,717
1163,Vale Alimentação,1174
2197,Vale Transporte,865
1084,Vale Alimentação,1037
1151,Auxílio Creche,608
2983,Vale Transporte,1480
2066,Plano Odontológico,1110
1835,Vale Alimentação,394
1094,Auxílio Creche,952
670,Vale Alimentação,1387
2030,Auxílio Creche,620
2543,Plano de Saúde,1472
902,Plano de Saúde,625
950,Vale Transporte,1024
2756,Auxílio Creche,433
241,Vale Alimentação,1200
2251,Plano Odontológico,415
1784,Auxílio Creche,629
2088,Plano de Saúde,1336
350,Auxílio Creche,293
1989,Plano de Saúde,741
646,Plano Odontológico,924
1053,Plano de Saúde,1478
2437,Auxílio Creche,1172
593,Plano Odontológico,913
1200,Vale Transporte,263
561,Vale Alimentação,409
1902,Auxílio Creche,238
703,Vale Alimentação,1354
985,Plano Odontológico,1137
1425,Vale Transporte,843
643,Vale Alimentação,1455
1330,Auxílio Creche,880
536,Plano de Saúde,683
1325,Vale Transporte,291
2692,Vale Alimentação,1010
857,Plano de Saúde,832
505,Plano Odontológico,740
1218,Auxílio Creche,886
496,Vale Alimentação,989
1496,Plano Odontológico,1159
511,Vale Alimentação,625
1950,Vale Alimentação,869
2327,Auxílio Creche,670
2012,Vale Transporte,435
2989,Plano Odontológico,1459
2639,Plano Odontológico,415
219,Vale Transporte,1331
324,Plano de Saúde,1298
731,Plano de Saúde,318
2264,Plano de Saúde,822
2296,Plano Odontológico,1350
2475,Vale Transporte,1317
2417,Plano Odontológico,238
605,Plano de Saúde,595
1626,Plano de Saúde,848
2361,Vale Alimentação,1059
1128,Vale Transporte,1477
1448,Plano de Saúde,1176
471,Vale Alimentação,1457
1561,Plano de Saúde,865
2128,Auxílio Creche,904
2265,Plano de Saúde,365
2827,Vale Alimentação,248
1039,Plano Odontológico,485
2076,Plano de Saúde,466
967,Plano de Saúde,1444
2935,Vale Alimentação,1078
2385,Plano de Saúde,1291
2199,Vale Transporte,1368
48,Plano de Saúde,229
1098,Auxílio Creche,623
2982,Plano Odontológico,239
1696,Vale Transporte,801
1498,Auxílio Creche,1128
2781,Plano Odontológico,912
1895,Plano de Saúde,1408
11,Auxílio Creche,1403
1972,Plano Odontológico,573
2529,Plano Odontológico,1301
2733,Vale Transporte,220
1348,Auxílio Creche,1128
628,Plano Odontológico,1411
694,Auxílio Creche,481
1232,Vale Alimentação,527
2774,Auxílio Creche,299
2255,Auxílio Creche,626
196,Vale Alimentação,980
1212,Vale Alimentação,668
1481,Plano Odontológico,1093
245,Plano de Saúde,1331
1455,Auxílio Creche,1061
2351,Plano de Saúde,810
240,Plano Odontológico,1133
1203,Plano Odontológico,1325
1267,Auxílio Creche,1464
284,Plano de Saúde,1430
262,Vale Transporte,588
1893,Auxílio Creche,707
1936,Vale Transporte,1109
2870,Vale Alimentação,676
556,Vale Alimentação,612
721,Plano Odontológico,1303
1839,Plano de Saúde,872
2869,Auxílio Creche,1439
239,Plano Odontológico,244
1941,Plano de Saúde,774
705,Vale Alimentação,535
1340,Plano de Saúde,600
1779,Plano Odontológico,288
1688,Plano de Saúde,984
876,Vale Transporte,448
2185,Plano Odontológico,220
1100,Auxílio Creche,1122
357,Plano Odontológico,697
2655,Vale Alimentação,1170
146,Vale Alimentação,901
549,Auxílio Creche,991
596,Plano Odontológico,503
1575,Plano de Saúde,1273
2796,Auxílio Creche,371
2028,Plano de Saúde,1422
2889,Vale Transporte,1048
1864,Auxílio Creche,328
2941,Plano de Saúde,1082
817,Plano Odontológico,748
1553,Plano de Saúde,343
2716,Plano Odontológico,489
797,Vale Alimentação,476
2049,Auxílio Creche,1096
757,Auxílio Creche,388
2809,Plano Odontológico,592
2046,Auxílio Creche,1092
2226,Plano de Saúde,392
190,Plano Odontológico,769
1389,Plano de Saúde,1417
2462,Plano Odontológico,452
2965,Vale Transporte,1170
1235,Vale Alimentação,1061
1372,Vale Transporte,996
2589,Vale Alimentação,1358
2385,Auxílio Creche,627
182,Plano de Saúde,1345
940,Auxílio Creche,871
199,Plano Odontológico,910
2386,Plano de Saúde,1428
1647,Vale Transporte,1365
1695,Vale Alimentação,1155
2560,Auxílio Creche,245
118,Plano Odontológico,1051
1471,Auxílio Creche,1351
2897,Auxílio Creche,1166
1777,Vale Transporte,495
604,Vale Transporte,835
1123,Plano de Saúde,987
2401,Plano de Saúde,1083
652,Vale Alimentação,1302
2092,Vale Transporte,393
1559,Plano Odontológico,675
2115,Vale Transporte,974
2613,Plano Odontológico,663
1197,Auxílio Creche,1466
1130,Vale Alimentação,440
1625,Plano de Saúde,237
952,Vale Transporte,1245
303,Vale Transporte,1487
1806,Plano de Saúde,429
2666,Vale Transporte,339
2110,Plano Odontológico,295
2836,Vale Alimentação,819
277,Plano de Saúde,945
1568,Vale Alimentação,451
265,Plano de Saúde,880
1401,Auxílio Creche,1073
56,Vale Transporte,667
631,Vale Alimentação,1155
409,Auxílio Creche,659
376,Auxílio Creche,1303
68,Plano de Saúde,564
2004,Vale Alimentação,1168
201,Auxílio Creche,773
2609,Auxílio Creche,1185
346,Plano Odontológico,873
1697,Plano Odontológico,1240
948,Vale Transporte,1010
2921,Plano de Saúde,640
528,Plano Odontológico,511
2793,Vale Transporte,1192
308,Plano de Saúde,1324
221,Vale Alimentação,610
2266,Vale Transporte,769
2162,Auxílio Creche,454
1206,Plano de Saúde,1367
2240,Plano de Saúde,617
321,Plano de Saúde,219
715,Plano Odontológico,470
2099,Plano Odontológico,1036
2473,Auxílio Creche,670
1056,Vale Transporte,906
2583,Plano Odontológico,1434
1650,Plano de Saúde,1056
1892,Vale Alimentação,1310
569,Plano de Saúde,469
248,Vale Transporte,1073
2673,Vale Alimentação,645
190,Vale Alimentação,255
2159,Plano de Saúde,822
11,Vale Alimentação,1166
599,Auxílio Creche,1104
2851,Vale Alimentação,561
2218,Vale Alimentação,815
2981,Auxílio Creche,1255
2295,Vale Transporte,1144
2708,Plano de Saúde,269
2960,Plano Odontológico,537
2007,Auxílio Creche,1094
2479,Auxílio Creche,856
1539,Plano Odontológico,448
2400,Auxílio Creche,258
750,Plano de Saúde,1462
823,Vale Alimentação,995
736,Auxílio Creche,306
68,Plano de Saúde,888
2433,Auxílio Creche,258
256,Plano de Saúde,786
477,Vale Transporte,299
1733,Plano de Saúde,1199
2203,Plano Odontológico,913
544,Auxílio Creche,824
801,Auxílio Creche,1328
1856,Plano de Saúde,1301
1126,Auxílio Creche,1467
2624,Plano de Saúde,626
1344,Plano de Saúde,637
876,Auxílio Creche,1178
1008,Plano Odontológico,298
2577,Plano Odontológico,575
2312,Plano Odontológico,1005
1464,Auxílio Creche,841
1580,Vale Transporte,1498
2154,Vale Alimentação,391
2265,Vale Transporte,1133
665,Vale Transporte,851
2490,Plano Odontológico,211
2610,Plano de Saúde,526
2226,Vale Transporte,930
1489,Vale Transporte,1160
2227,Vale Transporte,1044
1866,Plano Odontológico,746
1490,Vale Alimentação,630
2682,Plano Odontológico,593
1347,Vale Alimentação,429
942,Auxílio Creche,1201
1728,Vale Alimentação,985
1594,Vale Transporte,290
2086,Vale Transporte,965
19,Auxílio Creche,1410
1261,Vale Transporte,825
2277,Vale Transporte,873
483,Auxílio Creche,333
2082,Plano de Saúde,790
1102,Plano Odontológico,1075
2458,Plano Odontológico,1031
2434,Vale Transporte,855
1399,Auxílio Creche,312
2315,Plano de Saúde,775
116,Auxílio Creche,902
445,Vale Alimentação,659
2658,Plano de Saúde,1045
2949,Vale Alimentação,318
2995,Vale Alimentação,1251
1539,Vale Alimentação,1135
555,Vale Alimentação,1194
918,Auxílio Creche,1083
2369,Vale Alimentação,466
305,Vale Alimentação,768
411,Plano Odontológico,482
665,Vale Alimentação,1277
462,Vale Alimentação,563
1593,Plano de Saúde,1217
2697,Auxílio Creche,257
810,Plano Odontológico,359
247,Vale Alimentação,1361
2026,Vale Transporte,1306
2078,Plano de Saúde,294
1882,Plano Odontológico,764
363,Plano de Saúde,1471
2194,Auxílio Creche,466
2825,Auxílio Creche,1322
2385,Vale Alimentação,1304
572,Auxílio Creche,594
2967,Plano de Saúde,733
237,Plano de Saúde,1342
2004,Plano Odontológico,1491
1567,Auxílio Creche,967
2719,Vale Alimentação,1148
1954,Vale Transporte,234
2719,Vale Transporte,763
381,Plano de Saúde,786
2410,Auxílio Creche,1306
2870,Vale Alimentação,390
1937,Vale Alimentação,363
1495,Plano Odontológico,461
199,Auxílio Creche,387
2157,Vale Alimentação,1142
2840,Plano de Saúde,1270
1899,Vale Alimentação,991
1573,Vale Alimentação,359
2766,Plano Odontológico,1433
1415,Plano de Saúde,1252
2327,Auxílio Creche,668
2972,Auxílio Creche,1488
1067,Vale Alimentação,1053
2383,Auxílio Creche,693
799,Vale Transporte,1469
2881,Plano Odontológico,398
2037,Vale Alimentação,628
2209,Vale Alimentação,1084
1135,Plano de Saúde,1499
952,Auxílio Creche,574
1513,Plano Odontológico,408
1321,Plano de Saúde,903
2652,Vale Alimentação,1068
490,Vale Transporte,617
1959,Vale Alimentação,312
364,Vale Alimentação,651
2061,Vale Transporte,1275
1466,Vale Transporte,463
1810,Plano de Saúde,412
2914,Plano Odontológico,1051
1239,Plano Odontológico,1084
1649,Plano de Saúde,1231
1029,Vale Transporte,949
2711,Vale Alimentação,242
942,Plano de Saúde,1461
1936,Vale Alimentação,1225
1496,Vale Transporte,428
928,Vale Alimentação,1286
1913,Plano de Saúde,777
1022,Plano de Saúde,712
2088,Vale Transporte,933
1345,Vale Alimentação,437
734,Vale Transporte,1157
736,Plano de Saúde,482
1109,Plano Odontológico,1074
205,Vale Alimentação,1232
2369,Plano de Saúde,486
342,Vale Alimentação,658
2151,Plano de Saúde,436
1360,Plano Odontológico,465
1815,Plano Odontológico,1071
2419,Vale Transporte,347
1728,Plano de Saúde,630
2636,Plano de Saúde,1305
2977,Plano Odontológico,870
460,Auxílio Creche,655
412,Vale Alimentação,1317
204,Vale Transporte,256
2977,Vale Transporte,1471
2653,Plano de Saúde,1345
2547,Vale Alimentação,501
1584,Vale Alimentação,236
2834,Vale Transporte,779
729,Vale Alimentação,595
102,Auxílio Creche,1225
59,Auxílio Creche,586
105,Auxílio Creche,242
157,Vale Transporte,1320
2573,Plano de Saúde,922
615,Vale Alimentação,1158
2529,Auxílio Creche,982
2552,Plano de Saúde,1137
1487,Plano de Saúde,1431
1630,Plano Odontológico,1276
1595,Vale Alimentação,923
799,Vale Transporte,1049
1795,Vale Transporte,269
919,Plano de Saúde,1430
1658,Plano de Saúde,245
953,Vale Alimentação,1307
7,Auxílio Creche,822
551,Plano Odontológico,939
2132,Auxílio Creche,954
1119,Vale Alimentação,1018
2803,Plano Odontológico,1497
2655,Vale Transporte,1270
185,Auxílio Creche,1055
603,Vale Transporte,203
2957,Vale Transporte,759
499,Vale Alimentação,676
2753,Auxílio Creche,350
1817,Plano Odontológico,1432
2553,Vale Alimentação,850
293,Vale Transporte,672
2729,Plano de Saúde,1316
455,Plano Odontológico,1006
438,Plano Odontológico,998
434,Auxílio Creche,1223
1608,Plano Odontológico,1234
797,Auxílio Creche,912
2673,Plano de Saúde,789
2918,Plano Odontológico,1457
792,Plano de Saúde,624
1553,Vale Transporte,796
1733,Plano de Saúde,1432
102,Auxílio Creche,1281
380,Plano Odontológico,1368
1037,Auxílio Creche,1147
395,Plano de Saúde,1466
727,Plano Odontológico,748
1067,Plano de Saúde,1084
1091,Vale Alimentação,1386
1745,Vale Transporte,408
1982,Vale Alimentação,810
2827,Vale Alimentação,1009
2376,Plano Odontológico,814
2507,Vale Alimentação,386
41,Auxílio Creche,885
2003,Vale Alimentação,537
1095,Plano Odontológico,1224
1106,Plano Odontológico,1149
1992,Plano Odontológico,372
351,Vale Alimentação,1152
291,Auxílio Creche,1278
1592,Vale Alimentação,1310
296,Plano Odontológico,1453
158,Plano Odontológico,886
2000,Plano de Saúde,508
1342,Plano de Saúde,919
2529,Plano de Saúde,895
1047,Vale Alimentação,875
1468,Plano de Saúde,648
2043,Plano Odontológico,1020
1753,Auxílio Creche,1397
437,Auxílio Creche,1200
1755,Vale Transporte,1130
2675,Auxílio Creche,1348
1647,Auxílio Creche,942
314,Plano de Saúde,466
643,Vale Alimentação,816
2425,Plano de Saúde,1353
268,Vale Alimentação,1315
750,Vale Transporte,478
1671,Plano de Saúde,974
2153,Vale Alimentação,1128
2300,Auxílio Creche,1153
1182,Vale Transporte,1352
2078,Plano de Saúde,929
2099,Auxílio Creche,992
1260,Auxílio Creche,536
458,Plano de Saúde,1020
54,Plano Odontológico,1031
1983,Plano de Saúde,578
1656,Auxílio Creche,932
699,Plano de Saúde,376
2215,Vale Transporte,596
665,Plano Odontológico,1271
2244,Plano de Saúde,1202
887,Vale Alimentação,376
1796,Plano de Saúde,657
824,Vale Transporte,1391
330,Plano de Saúde,1299
2722,Vale Alimentação,446
2586,Auxílio Creche,401
839,Auxílio Creche,783
2510,Vale Alimentação,1269
1876,Plano Odontológico,1151
2226,Plano de Saúde,341
1548,Vale Transporte,1435
458,Plano Odontológico,712
927,Vale Transporte,500
2898,Auxílio Creche,1464
1928,Vale Transporte,1479
345,Vale Alimentação,890
2960,Plano de Saúde,714
1274,Auxílio Creche,1103
800,Plano Odontológico,568
872,Auxílio Creche,541
921,Plano Odontológico,1349
1881,Plano de Saúde,1479
1913,Vale Transporte,490
636,Plano de Saúde,421
848,Plano Odontológico,1372
2579,Plano Odontológico,1160
184,Plano Odontológico,379
1552,Vale Alimentação,650
1563,Auxílio Creche,848
189,Vale Alimentação,636
2313,Vale Transporte,766
768,Auxílio Creche,1157
1611,Vale Transporte,1230
135,Plano de Saúde,882
1759,Plano Odontológico,792
394,Vale Alimentação,865
194,Plano de Saúde,1324
1729,Auxílio Creche,1256
557,Plano de Saúde,800
2258,Auxílio Creche,909
144,Auxílio Creche,659
837,Vale Alimentação,1002
322,Vale Alimentação,770
2755,Plano Odontológico,685
2774,Vale Alimentação,470
1644,Auxílio Creche,1138
1334,Plano Odontológico,920
555,Auxílio Creche,211
739,Plano de Saúde,985
962,Auxílio Creche,318
2600,Vale Transporte,248
2701,Auxílio Creche,362
208,Vale Transporte,1087
150,Auxílio Creche,1191
874,Auxílio Creche,1477
2157,Plano de Saúde,396
2628,Plano Odontológico,278
1367,Plano de Saúde,627
2617,Vale Transporte,876
1387,Vale Transporte,1172
164,Auxílio Creche,1146
2594,Vale Alimentação,787
387,Plano Odontológico,359
2744,Auxílio Creche,1300
470,Plano de Saúde,885
2784,Vale Alimentação,1185
2848,Vale Transporte,543
47,Auxílio Creche,382
2763,Plano Odontológico,649
744,Vale Transporte,1052
2747,Vale Transporte,247
1407,Vale Alimentação,1108
266,Plano Odontológico,344
2222,Vale Alimentação,496
1480,Vale Alimentação,757
2419,Auxílio Creche,885
1844,Plano Odontológico,1334
2783,Plano de Saúde,1016
429,Plano de Saúde,471
91,Vale Alimentação,550
2088,Auxílio Creche,1478
378,Plano Odontológico,1466
1778,Vale Transporte,1397
2010,Plano de Saúde,1195
493,Plano Odontológico,1394
1007,Vale Alimentação,748
1530,Vale Transporte,1134
1889,Plano Odontológico,728
2381,Auxílio Creche,1215
2073,Vale Alimentação,942
2700,Plano de Saúde,883
1898,Vale Transporte,1279
1869,Plano de Saúde,1346
1967,Vale Transporte,1006
2887,Plano de Saúde,398
79,Vale Alimentação,1279
1081,Vale Transporte,296
1567,Plano de Saúde,680
467,Plano Odontológico,1363
2648,Vale Transporte,1403
1275,Vale Alimentação,729
1484,Vale Transporte,947
2199,Vale Transporte,1481
1881,Auxílio Creche,221
1494,Auxílio Creche,444
823,Plano Odontológico,1077
642,Vale Alimentação,493
1442,Plano Odontológico,819
2987,Plano Odontológico,445
2000,Vale Transporte,1263
710,Vale Alimentação,1463
299,Auxílio Creche,532
2281,Plano Odontológico,1032
1853,Plano Odontológico,350
1705,Vale Transporte,203
1757,Plano de Saúde,822
1709,Vale Transporte,1359
2873,Vale Alimentação,1374
2671,Vale Alimentação,1239
1807,Vale Transporte,455
2289,Auxílio Creche,717
914,Plano Odontológico,476
2333,Plano Odontológico,929
1542,Auxílio Creche,916
1669,Plano Odontológico,1124
2097,Vale Alimentação,701
1366,Vale Alimentação,1200
4,Plano de Saúde,322
2999,Plano de Saúde,1328
1054,Plano de Saúde,1428
459,Plano Odontológico,379
2750,Vale Transporte,707
2568,Plano Odontológico,511
733,Vale Alimentação,699
1757,Plano Odontológico,423
752,Auxílio Creche,622
2650,Vale Alimentação,811
2833,Auxílio Creche,1036
1147,Vale Alimentação,1216
2456,Auxílio Creche,249
2122,Auxílio Creche,384
2670,Plano de Saúde,1071
861,Plano de Saúde,834
228,Vale Alimentação,574
2993,Plano Odontológico,791
433,Plano Odontológico,531
2713,Plano de Saúde,427
1224,Vale Transporte,742
69,Vale Alimentação,312
2694,Vale Alimentação,862
828,Auxílio Creche,1084
825,Vale Transporte,496
2276,Plano Odontológico,692
2946,Plano Odontológico,418
1234,Plano Odontológico,443
976,Vale Alimentação,715
943,Auxílio Creche,890
2362,Plano Odontológico,940
2978,Auxílio Creche,431
1050,Auxílio Creche,555
705,Vale Transporte,1037
1837,Vale Transporte,1136
1832,Vale Transporte,1342
1687,Plano Odontológico,641
2073,Plano de Saúde,610
2263,Vale Transporte,1244
1688,Plano Odontológico,568
1586,Plano de Saúde,508
2868,Vale Alimentação,666
748,Vale Alimentação,907
1823,Auxílio Creche,856
700,Vale Transporte,675
68,Plano Odontológico,852
899,Plano Odontológico,1286
67,Vale Alimentação,740
2328,Plano de Saúde,311
833,Vale Transporte,700
455,Plano de Saúde,346
1199,Vale Alimentação,1085
1342,Auxílio Creche,724
1528,Vale Transporte,1117
1442,Plano de Saúde,395
108,Vale Alimentação,1213
2581,Plano Odontológico,305
1248,Vale Alimentação,660
1369,Auxílio Creche,730
403,Plano Odontológico,1182
2067,Auxílio Creche,1478
1551,Plano Odontológico,1331
1847,Auxílio Creche,1197
1569,Plano de Saúde,1330
536,Plano Odontológico,998
1805,Auxílio Creche,563
2817,Plano de Saúde,1099
2768,Auxílio Creche,266
2605,Auxílio Creche,1218
835,Vale Alimentação,1239
925,Vale Transporte,1084
818,Plano Odontológico,213
2433,Plano Odontológico,878
2346,Plano Odontológico,277
1737,Plano Odontológico,1225
2527,Auxílio Creche,493
640,Plano de Saúde,1408
2477,Plano de Saúde,1471
1785,Auxílio Creche,937
988,Plano de Saúde,631
787,Plano de Saúde,1034
1261,Vale Alimentação,1332
1657,Plano de Saúde,455
1482,Auxílio Creche,539
269,Plano de Saúde,913
1064,Plano de Saúde,1301
2599,Plano Odontológico,665
1541,Plano de Saúde,294
2671,Auxílio Creche,1379
338,Vale Alimentação,995
2884,Vale Alimentação,954
2796,Plano Odontológico,482
1459,Vale Alimentação,990
2245,Plano de Saúde,926
984,Vale Alimentação,459
594,Plano Odontológico,774
2080,Auxílio Creche,775
970,Plano Odontológico,800
2238,Vale Alimentação,1161
2209,Vale Transporte,503
2130,Plano de Saúde,1309
2411,Vale Alimentação,1450
753,Plano de Saúde,657
1803,Vale Transporte,206
1939,Plano de Saúde,940
2807,Auxílio Creche,805
890,Vale Transporte,654
2781,Plano de Saúde,1044
2817,Plano de Saúde,1185
1747,Auxílio Creche,724
809,Auxílio Creche,801
1424,Vale Alimentação,1190
32,Vale Transporte,504
2173,Auxílio Creche,518
565,Plano de Saúde,233
1160,Auxílio Creche,1208
1746,Vale Alimentação,1260
311,Plano Odontológico,963
255,Vale Transporte,538
2161,Auxílio Creche,1456
562,Vale Alimentação,1215
2350,Vale Alimentação,373
177,Plano de Saúde,656
655,Auxílio Creche,664
2043,Vale Transporte,858
2448,Vale Alimentação,453
2576,Plano de Saúde,727
2820,Auxílio Creche,1317
1847,Vale Alimentação,804
829,Plano Odontológico,1341
1162,Plano de Saúde,1199
2465,Plano de Saúde,644
895,Auxílio Creche,200
1426,Plano de Saúde,729
582,Vale Transporte,1073
1692,Plano Odontológico,1103
2474,Auxílio Creche,1158
2866,Plano de Saúde,502
1817,Plano de Saúde,903
1539,Vale Alimentação,333
1878,Plano de Saúde,1379
2339,Vale Alimentação,262
505,Plano Odontológico,299
1307,Plano Odontológico,1081
2609,Plano Odontológico,1162
2107,Plano de Saúde,494
973,Vale Transporte,600
1826,Vale Alimentação,850
226,Plano Odontológico,342
705,Plano Odontológico,951
2423,Plano de Saúde,906
739,Plano Odontológico,583
2346,Plano Odontológico,360
1417,Plano de Saúde,351
114,Vale Transporte,1342
214,Plano de Saúde,770
2993,Vale Alimentação,1363
316,Plano Odontológico,856
440,Plano de Saúde,354
2521,Vale Transporte,1156
254,Vale Transporte,1290
836,Auxílio Creche,766
1704,Plano de Saúde,651
54,Plano de Saúde,773
2701,Vale Alimentação,1293
2744,Vale Alimentação,488
613,Plano Odontológico,1176
2918,Auxílio Creche,442
781,Plano de Saúde,667
1885,Plano Odontológico,1281
1362,Auxílio Creche,456
2412,Plano Odontológico,1244
1177,Plano de Saúde,1253
2766,Vale Alimentação,1124
2292,Vale Alimentação,1402
2021,Vale Alimentação,800
963,Plano de Saúde,210
694,Vale Transporte,792
2435,Auxílio Creche,1155
74,Auxílio Creche,252
2768,Plano Odontológico,654
65,Plano de Saúde,555
2681,Plano Odontológico,426
1207,Vale Alimentação,1036
2096,Vale Alimentação,514
813,Vale Alimentação,602
1167,Vale Alimentação,925
1560,Plano Odontológico,655
592,Plano de Saúde,345
1298,Auxílio Creche,1220
55,Vale Transporte,770
2387,Vale Transporte,1046
510,Plano Odontológico,686
1026,Vale Transporte,249
1763,Auxílio Creche,632
683,Plano de Saúde,1298
402,Vale Transporte,823
2740,Plano Odontológico,308
863,Auxílio Creche,1023
319,Plano Odontológico,1393
1829,Plano Odontológico,1172
2947,Auxílio Creche,1453
1582,Auxílio Creche,951
3000,Auxílio Creche,955
367,Auxílio Creche,723
2944,Plano de Saúde,968
1509,Vale Transporte,1370
880,Auxílio Creche,392
2382,Auxílio Creche,1392
2475,Vale Alimentação,502
1597,Vale Alimentação,650
1056,Plano de Saúde,842
2393,Auxílio Creche,1029
2915,Vale Alimentação,744
1936,Vale Alimentação,540
1518,Plano de Saúde,838
1975,Vale Transporte,1277
187,Auxílio Creche,810
1889,Auxílio Creche,657
2289,Plano de Saúde,897
1695,Auxílio Creche,365
363,Plano de Saúde,934
2109,Vale Transporte,1288
2013,Plano de Saúde,1279
2590,Auxílio Creche,483
1553,Plano Odontológico,1426
2876,Auxílio Creche,903
1269,Vale Alimentação,735
1759,Plano Odontológico,743
2359,Plano de Saúde,409
348,Vale Alimentação,256
2069,Plano Odontológico,1203
30,Vale Transporte,1286
768,Plano de Saúde,934
2800,Plano Odontológico,1032
2689,Vale Alimentação,1171
702,Vale Transporte,578
547,Vale Alimentação,479
359,Plano Odontológico,677
432,Plano de Saúde,1032
2313,Plano de Saúde,910
565,Plano Odontológico,1081
2003,Plano Odontológico,277
230,Vale Alimentação,726
1637,Vale Alimentação,914
1483,Vale Transporte,963
1834,Vale Alimentação,479
95,Plano Odontológico,1360
3000,Plano Odontológico,390
2851,Vale Alimentação,655
2047,Plano Odontológico,686
672,Auxílio Creche,1238
581,Vale Transporte,420
1167,Vale Transporte,213
366,Auxílio Creche,540
2531,Vale Transporte,220
2908,Plano de Saúde,1378
1116,Auxílio Creche,543
72,Plano de Saúde,1052
2350,Plano de Saúde,1049
2367,Plano Odontológico,1432
1077,Vale Alimentação,1479
1007,Auxílio Creche,936
280,Auxílio Creche,513
2472,Plano de Saúde,1373
1594,Vale Alimentação,538
1027,Vale Alimentação,812
1629,Auxílio Creche,826
882,Auxílio Creche,366
690,Auxílio Creche,1162
1972,Plano Odontológico,1229
1481,Auxílio Creche,1202
534,Vale Alimentação,1279
303,Auxílio Creche,346
1318,Auxílio Creche,1314
78,Plano de Saúde,777
2086,Plano Odontológico,1303
2124,Plano de Saúde,904
1685,Plano de Saúde,469
2294,Vale Transporte,416
1291,Auxílio Creche,1340
1674,Auxílio Creche,292
61,Auxílio Creche,377
1534,Plano de Saúde,1358
212,Vale Alimentação,345
1274,Plano Odontológico,1456
2527,Plano Odontológico,867
72,Plano de Saúde,970
1194,Vale Alimentação,1375
68,Vale Transporte,339
575,Vale Alimentação,1058
895,Auxílio Creche,995
201,Plano de Saúde,442
929,Plano de Saúde,1052
2880,Plano de Saúde,1260
2627,Vale Transporte,280
1958,Auxílio Creche,303
2746,Plano Odontológico,1019
824,Vale Alimentação,445
2826,Vale Transporte,494
2286,Vale Alimentação,401
2795,Plano de Saúde,384
1201,Vale Transporte,238
2568,Plano Odontológico,977
794,Auxílio Creche,646
488,Vale Transporte,446
1161,Plano Odontológico,661
556,Plano de Saúde,1003
698,Vale Alimentação,576
1554,Vale Alimentação,1195
2644,Plano Odontológico,1459
186,Plano Odontológico,1047
832,Auxílio Creche,949
2590,Plano de Saúde,675
200,Vale Transporte,1456
1801,Vale Transporte,809
1307,Auxílio Creche,465
274,Vale Alimentação,651
2525,Plano de Saúde,660
2096,Plano de Saúde,673
2049,Auxílio Creche,1333
2316,Vale Transporte,566
1433,Plano Odontológico,1108
615,Vale Transporte,1263
1303,Plano Odontológico,811
2961,Plano Odontológico,1106
1608,Plano de Saúde,680
718,Auxílio Creche,530
1367,Vale Transporte,663
2907,Plano de Saúde,926
1280,Auxílio Creche,1129
1037,Vale Transporte,1208
1331,Vale Alimentação,993
1458,Auxílio Creche,754
2435,Vale Alimentação,1171
1747,Plano Odontológico,529
2026,Auxílio Creche,239
1620,Vale Transporte,1181
2580,Plano de Saúde,362
2110,Plano Odontológico,1382
2484,Vale Transporte,1168
968,Plano de Saúde,275
1490,Plano de Saúde,343
79,Vale Alimentação,1166
2399,Auxílio Creche,214
12,Auxílio Creche,1149
2918,Plano Odontológico,1001
1772,Vale Alimentação,594
1112,Auxílio Creche,657
20,Plano de Saúde,520
353,Auxílio Creche,1077
2885,Plano Odontológico,273
723,Vale Alimentação,661
502,Auxílio Creche,490
2398,Vale Transporte,877
1661,Vale Alimentação,274
44,Vale Transporte,1141
925,Vale Alimentação,985
1046,Vale Transporte,668
2039,Plano Odontológico,244
1797,Plano Odontológico,1122
155,Plano de Saúde,915
2288,Auxílio Creche,861
436,Auxílio Creche,1223
1597,Vale Transporte,356
666,Plano Odontológico,613
2670,Plano de Saúde,1394
1769,Plano Odontológico,442
2975,Auxílio Creche,728
1631,Vale Transporte,593
1111,Vale Transporte,364
1580,Vale Alimentação,443
2994,Vale Transporte,1362
645,Plano de Saúde,483
2316,Plano Odontológico,1191
1565,Vale Alimentação,841
727,Plano Odontológico,1087
565,Plano de Saúde,487
1611,Plano de Saúde,293
165,Vale Transporte,411
1279,Vale Alimentação,824
2375,Plano de Saúde,435
1565,Auxílio Creche,362
1579,Vale Transporte,1341
211,Vale Alimentação,756
1628,Auxílio Creche,815
1858,Auxílio Creche,372
2834,Vale Transporte,569
994,Vale Transporte,1030
1552,Plano de Saúde,258
377,Vale Alimentação,1178
318,Auxílio Creche,971
2201,Auxílio Creche,927
59,Vale Alimentação,1082
72,Auxílio Creche,239
2455,Vale Alimentação,331
1382,Vale Alimentação,1466
1026,Auxílio Creche,1390
632,Vale Transporte,434
2216,Plano de Saúde,1305
593,Auxílio Creche,905
1682,Vale Transporte,946
2236,Vale Transporte,399
59,Vale Alimentação,1047
2105,Vale Transporte,871
1791,Vale Alimentação,578
2482,Vale Alimentação,386
1218,Vale Alimentação,456
2814,Plano de Saúde,290
2852,Plano de Saúde,289
1991,Plano de Saúde,290
2250,Plano de Saúde,842
1924,Vale Transporte,525
1908,Vale Alimentação,778
2079,Vale Transporte,1042
1809,Plano de Saúde,865
1231,Plano de Saúde,847
1957,Vale Transporte,561
1024,Auxílio Creche,757
786,Plano de Saúde,1286
710,Plano de Saúde,421
227,Vale Transporte,897
2106,Plano Odontológico,307
1543,Auxílio Creche,260
172,Vale Alimentação,1313
1120,Auxílio Creche,1425
282,Vale Transporte,450
133,Vale Transporte,329
1955,Vale Alimentação,1134
271,Vale Alimentação,871
1023,Vale Alimentação,1044
1645,Plano de Saúde,516
1643,Vale Transporte,928
2818,Plano Odontológico,619
896,Auxílio Creche,1269
711,Auxílio Creche,1021
1407,Plano de Saúde,890
2887,Plano Odontológico,352
2059,Plano Odontológico,1454
1207,Vale Transporte,577
1636,Plano de Saúde,1112
1212,Vale Alimentação,1271
2874,Vale Transporte,1014
1864,Auxílio Creche,464
2041,Plano de Saúde,644
1325,Vale Alimentação,881
377,Vale Alimentação,1200
77,Auxílio Creche,1110
740,Vale Transporte,562
37,Plano de Saúde,774
2553,Vale Alimentação,1322
1732,Plano Odontológico,976
2628,Vale Alimentação,280
2431,Plano Odontológico,1053
2902,Auxílio Creche,212
192,Auxílio Creche,247
1790,Plano Odontológico,1042
1079,Plano de Saúde,376
1606,Vale Transporte,505
